id,batchID,batchIDLastChangedAt,gameID,gameIDLastChangedAt,playerID,playerIDLastChangedAt
01JQ79Y8MTH9ZPFYVJJM3ZDF8Z,01JQ79XPF0N0KBE52WAZ8EFWQ1,2025-03-25T14:44:50.458299-04:00,01JQ79XPFX87YKRPHCRC8PANME,2025-03-25T14:44:50.458299-04:00,01JQ79Y5Z9AV7N532FHFK18J6P,2025-03-25T14:44:50.458299-04:00
01JQ7BVRR7HK4YGAWQS6CTH6DE,01JQ7BTTHVBN8JNB2D20AFDYKY,2025-03-25T15:18:25.799951-04:00,01JQ7BTTJQ4XSVZYVHZS1KYSFX,2025-03-25T15:18:25.799951-04:00,01JQ7BVNYS39EMQNCM5CF4M888,2025-03-25T15:18:25.799951-04:00
01JQ7FVR9QHAT80YW6129NCB8Z,01JQ7FQ2NW8TBJBD4E8V3J20KM,2025-03-25T16:28:19.639303-04:00,01JQ7FQ2PEP32XPZ2GZT60EAX1,2025-03-25T16:28:19.639303-04:00,01JQ7FTNWNRWVJF0C71QHTPX36,2025-03-25T16:28:19.639303-04:00
01JQ7BVRR7HK4YGAWQS1GVHN12,01JQ7BTTHVBN8JNB2D20AFDYKY,2025-03-25T15:18:25.799735-04:00,01JQ7BTTJQ4XSVZYVHZS1KYSFX,2025-03-25T15:18:25.799735-04:00,01JQ7BVGK7FDRWHRTPF6J6NZNP,2025-03-25T15:18:25.799735-04:00
01JQ7CBAGNTPCNENXH7ZWVE9ZK,01JQ7CAP9F5RDSTVZFFXT8M33J,2025-03-25T15:26:55.509881-04:00,01JQ7CAPABJM6AHEKSW4MBVQFS,2025-03-25T15:26:55.509881-04:00,01JQ7CB5KKV66CPJKXCAAKCGMZ,2025-03-25T15:26:55.509881-04:00
01JQ7CBAGPC29CEGVD17994BZK,01JQ7CAP9F5RDSTVZFFXT8M33J,2025-03-25T15:26:55.510252-04:00,01JQ7CAPABJM6AHEKSW4MBVQFS,2025-03-25T15:26:55.510252-04:00,01JQ7CB878998XK04ZGARH1FD4,2025-03-25T15:26:55.510252-04:00
01JQ7FVR9PJF4QG1GYPBR3Z1B7,01JQ7FQ2NW8TBJBD4E8V3J20KM,2025-03-25T16:28:19.639021-04:00,01JQ7FQ2PEP32XPZ2GZT60EAX1,2025-03-25T16:28:19.639021-04:00,01JQ7FTHPPEHZ4M8BMHV3Z7F8T,2025-03-25T16:28:19.639021-04:00
01JQ79Y8MTH9ZPFYVJJBWM2XBP,01JQ79XPF0N0KBE52WAZ8EFWQ1,2025-03-25T14:44:50.458163-04:00,01JQ79XPFX87YKRPHCRC8PANME,2025-03-25T14:44:50.458163-04:00,01JQ79Y1F0X93MREKSK42WK57A,2025-03-25T14:44:50.458163-04:00
01JQ7A13MCANN7S2CGNQK43BY3,01JQ7A0HGKSWHCF12W9Z0CH5GR,2025-03-25T14:46:23.628481-04:00,01JQ7A0HH9Y8FJE56XT0N6YBKG,2025-03-25T14:46:23.628481-04:00,01JQ7A0X9VWHMG56DZZ6C8G0D3,2025-03-25T14:46:23.628481-04:00
01JQ7A13MCANN7S2CGNYT6JN0C,01JQ7A0HGKSWHCF12W9Z0CH5GR,2025-03-25T14:46:23.628641-04:00,01JQ7A0HH9Y8FJE56XT0N6YBKG,2025-03-25T14:46:23.628641-04:00,01JQ7A10KWPME05GFBECKEW81E,2025-03-25T14:46:23.628641-04:00
