id,batchID,batchIDLastChangedAt,gameID,gameIDLastChangedAt,playerID,playerIDLastChangedAt,roundID,roundIDLastChangedAt,stageID,stageIDLastChangedAt,submit,submitLastChangedAt
01JQ7CFJ5DHED2RSM86P1G6R44,01JQ7CAP9F5RDSTVZFFXT8M33J,2025-03-25T15:29:14.413503-04:00,01JQ7CAPABJM6AHEKSW4MBVQFS,2025-03-25T15:29:14.413503-04:00,01JQ7CB878998XK04ZGARH1FD4,2025-03-25T15:29:14.413503-04:00,01JQ7CBAHFDWMWQF8NPF9NBJWM,2025-03-25T15:29:14.413503-04:00,01JQ7CBAJJG55Y8ZNF3G8QFQ4Y,2025-03-25T15:29:14.413503-04:00,true,2025-03-25T15:29:22.809733-04:00
01JQ7CG8PTET2T4R661EZ0835F,01JQ7CAP9F5RDSTVZFFXT8M33J,2025-03-25T15:29:37.498686-04:00,01JQ7CAPABJM6AHEKSW4MBVQFS,2025-03-25T15:29:37.498686-04:00,01JQ7CB5KKV66CPJKXCAAKCGMZ,2025-03-25T15:29:37.498686-04:00,01JQ7CBAHJRC7V7T1XFR0QYDF7,2025-03-25T15:29:37.498686-04:00,01JQ7CBAKBAR1RQWB8KW3TRPYD,2025-03-25T15:29:37.498686-04:00,true,2025-03-25T15:29:40.326608-04:00
01JQ7CGEGEJPJBSJ14DNKKKNX5,01JQ7CAP9F5RDSTVZFFXT8M33J,2025-03-25T15:29:43.438215-04:00,01JQ7CAPABJM6AHEKSW4MBVQFS,2025-03-25T15:29:43.438215-04:00,01JQ7CB878998XK04ZGARH1FD4,2025-03-25T15:29:43.438215-04:00,01JQ7CBAHMKE462R5PVAM24FY7,2025-03-25T15:29:43.438215-04:00,01JQ7CBAKHEGPP0KE6R3HX67AR,2025-03-25T15:29:43.438215-04:00,true,2025-03-25T15:29:48.142667-04:00
01JQ7FVRX89QCK9QJZC1XEJXY2,01JQ7FQ2NW8TBJBD4E8V3J20KM,2025-03-25T16:28:20.264739-04:00,01JQ7FQ2PEP32XPZ2GZT60EAX1,2025-03-25T16:28:20.264739-04:00,01JQ7FTHPPEHZ4M8BMHV3Z7F8T,2025-03-25T16:28:20.264739-04:00,01JQ7FVRAK9F5GY86T5TPZ76PA,2025-03-25T16:28:20.264739-04:00,01JQ7FVRB8ZJPMFR4MKR9SE8VF,2025-03-25T16:28:20.264739-04:00,true,2025-03-25T16:29:52.141065-04:00
01JQ7FYMNYFTF0H3W6V8T3FASC,01JQ7FQ2NW8TBJBD4E8V3J20KM,2025-03-25T16:29:54.23862-04:00,01JQ7FQ2PEP32XPZ2GZT60EAX1,2025-03-25T16:29:54.23862-04:00,01JQ7FTNWNRWVJF0C71QHTPX36,2025-03-25T16:29:54.23862-04:00,01JQ7FVRANRKJDM6DZPTYV11HY,2025-03-25T16:29:54.23862-04:00,01JQ7FVRBM62DV08TSCZ6R8GQ5,2025-03-25T16:29:54.23862-04:00,,
01JQ79Y8VF1R1PGXT4FV2HFGWD,01JQ79XPF0N0KBE52WAZ8EFWQ1,2025-03-25T14:44:50.671147-04:00,01JQ79XPFX87YKRPHCRC8PANME,2025-03-25T14:44:50.671147-04:00,01JQ79Y5Z9AV7N532FHFK18J6P,2025-03-25T14:44:50.671147-04:00,01JQ79Y8NFMAQ3WSS01AKNRG97,2025-03-25T14:44:50.671147-04:00,01JQ79Y8NXKMP9K4MQ4QXW56KY,2025-03-25T14:44:50.671147-04:00,true,2025-03-25T14:44:56.06712-04:00
01JQ7CBATGV41QD6XCFA2HZ17W,01JQ7CAP9F5RDSTVZFFXT8M33J,2025-03-25T15:26:55.824932-04:00,01JQ7CAPABJM6AHEKSW4MBVQFS,2025-03-25T15:26:55.824932-04:00,01JQ7CB878998XK04ZGARH1FD4,2025-03-25T15:26:55.824932-04:00,01JQ7CBAHEF77CKSAEDXFFAN0D,2025-03-25T15:26:55.824932-04:00,01JQ7CBAJ13H74S133A454AXPS,2025-03-25T15:26:55.824932-04:00,,
01JQ7CF080E09AE6ZFFAQQJVZ1,01JQ7CAP9F5RDSTVZFFXT8M33J,2025-03-25T15:28:56.064257-04:00,01JQ7CAPABJM6AHEKSW4MBVQFS,2025-03-25T15:28:56.064257-04:00,01JQ7CB878998XK04ZGARH1FD4,2025-03-25T15:28:56.064257-04:00,01JQ7CBAHEF77CKSAEEN0BNQJ5,2025-03-25T15:28:56.064257-04:00,01JQ7CBAJA99FF9HZE5WCC6EFT,2025-03-25T15:28:56.064257-04:00,true,2025-03-25T15:29:12.255954-04:00
01JQ7G5K7CR6XJEVZ1VXER4PZP,01JQ7FQ2NW8TBJBD4E8V3J20KM,2025-03-25T16:33:42.124454-04:00,01JQ7FQ2PEP32XPZ2GZT60EAX1,2025-03-25T16:33:42.124454-04:00,01JQ7FTHPPEHZ4M8BMHV3Z7F8T,2025-03-25T16:33:42.124454-04:00,01JQ7FVRASJRWE4XZQ5G28BPB6,2025-03-25T16:33:42.124454-04:00,01JQ7FVRENCXK1BABWNAJB7DHN,2025-03-25T16:33:42.124454-04:00,true,2025-03-25T16:33:49.178208-04:00
01JQ7G5K7D6NDRPYM648HBS67E,01JQ7FQ2NW8TBJBD4E8V3J20KM,2025-03-25T16:33:42.1254-04:00,01JQ7FQ2PEP32XPZ2GZT60EAX1,2025-03-25T16:33:42.1254-04:00,01JQ7FTNWNRWVJF0C71QHTPX36,2025-03-25T16:33:42.1254-04:00,01JQ7FVRASJRWE4XZQ5G28BPB6,2025-03-25T16:33:42.1254-04:00,01JQ7FVRENCXK1BABWNAJB7DHN,2025-03-25T16:33:42.1254-04:00,true,2025-03-25T16:33:46.972871-04:00
01JQ7A13XW06GP4KB3MVK2F5SY,01JQ7A0HGKSWHCF12W9Z0CH5GR,2025-03-25T14:46:23.932876-04:00,01JQ7A0HH9Y8FJE56XT0N6YBKG,2025-03-25T14:46:23.932876-04:00,01JQ7A0X9VWHMG56DZZ6C8G0D3,2025-03-25T14:46:23.932876-04:00,01JQ7A13NKVBD44HBFJ9M67CXD,2025-03-25T14:46:23.932876-04:00,01JQ7A13P2B04G5PQBWWEZW98T,2025-03-25T14:46:23.932876-04:00,true,2025-03-25T14:46:26.473843-04:00
01JQ7BZEC5R21PWGTM010WN9XX,01JQ7BTTHVBN8JNB2D20AFDYKY,2025-03-25T15:20:26.245683-04:00,01JQ7BTTJQ4XSVZYVHZS1KYSFX,2025-03-25T15:20:26.245683-04:00,01JQ7BVNYS39EMQNCM5CF4M888,2025-03-25T15:20:26.245683-04:00,01JQ7BVRRYNY53BSQZKAF2RBJE,2025-03-25T15:20:26.245683-04:00,01JQ7BVRTJA64QRBMC4FQXV6PC,2025-03-25T15:20:26.245683-04:00,,
01JQ7CFTE5V95CWRK5G48N908X,01JQ7CAP9F5RDSTVZFFXT8M33J,2025-03-25T15:29:22.885799-04:00,01JQ7CAPABJM6AHEKSW4MBVQFS,2025-03-25T15:29:22.885799-04:00,01JQ7CB878998XK04ZGARH1FD4,2025-03-25T15:29:22.885799-04:00,01JQ7CBAHHYQ7YM74AZHX4BQCX,2025-03-25T15:29:22.885799-04:00,01JQ7CBAJSCRHKV68SJ0JVFFHB,2025-03-25T15:29:22.885799-04:00,true,2025-03-25T15:29:27.526012-04:00
01JQ7A1YYXQ4K5M9GTFQQ0X1A6,01JQ7A0HGKSWHCF12W9Z0CH5GR,2025-03-25T14:46:51.613664-04:00,01JQ7A0HH9Y8FJE56XT0N6YBKG,2025-03-25T14:46:51.613664-04:00,01JQ7A0X9VWHMG56DZZ6C8G0D3,2025-03-25T14:46:51.613664-04:00,01JQ7A13NTETHXTVHDETC0MDAE,2025-03-25T14:46:51.613664-04:00,01JQ7A13Q79PHY2ZRGAHGK8W5W,2025-03-25T14:46:51.613664-04:00,true,2025-03-25T14:46:53.869938-04:00
01JQ79YQM1ER2RA92D5NS8GKH1,01JQ79XPF0N0KBE52WAZ8EFWQ1,2025-03-25T14:45:05.793749-04:00,01JQ79XPFX87YKRPHCRC8PANME,2025-03-25T14:45:05.793749-04:00,01JQ79Y1F0X93MREKSK42WK57A,2025-03-25T14:45:05.793749-04:00,01JQ79Y8NHGWWKZE6D20HD06FB,2025-03-25T14:45:05.793749-04:00,01JQ79Y8PJST7QB1M8202DBK6X,2025-03-25T14:45:05.793749-04:00,true,2025-03-25T14:45:08.154666-04:00
01JQ7A1HP674EY6HY61J7NJD8B,01JQ7A0HGKSWHCF12W9Z0CH5GR,2025-03-25T14:46:38.022111-04:00,01JQ7A0HH9Y8FJE56XT0N6YBKG,2025-03-25T14:46:38.022111-04:00,01JQ7A0X9VWHMG56DZZ6C8G0D3,2025-03-25T14:46:38.022111-04:00,01JQ7A13NMT5K3GGBH49X2R9PC,2025-03-25T14:46:38.022111-04:00,01JQ7A13PN8H2KD65PARJN7BRQ,2025-03-25T14:46:38.022111-04:00,true,2025-03-25T14:46:40.401643-04:00
01JQ7A1YYXQ4K5M9GTFA36PFHT,01JQ7A0HGKSWHCF12W9Z0CH5GR,2025-03-25T14:46:51.613358-04:00,01JQ7A0HH9Y8FJE56XT0N6YBKG,2025-03-25T14:46:51.613358-04:00,01JQ7A10KWPME05GFBECKEW81E,2025-03-25T14:46:51.613358-04:00,01JQ7A13NTETHXTVHDETC0MDAE,2025-03-25T14:46:51.613358-04:00,01JQ7A13Q79PHY2ZRGAHGK8W5W,2025-03-25T14:46:51.613358-04:00,true,2025-03-25T14:46:56.762873-04:00
01JQ7A1NYDAM1W7AZVGYAS01BB,01JQ7A0HGKSWHCF12W9Z0CH5GR,2025-03-25T14:46:42.381659-04:00,01JQ7A0HH9Y8FJE56XT0N6YBKG,2025-03-25T14:46:42.381659-04:00,01JQ7A10KWPME05GFBECKEW81E,2025-03-25T14:46:42.381659-04:00,01JQ7A13NNXDDMY0VT01NFZY9J,2025-03-25T14:46:42.381659-04:00,01JQ7A13PVRD0JNH18TSDKDTK9,2025-03-25T14:46:42.381659-04:00,true,2025-03-25T14:46:46.368723-04:00
01JQ7BVS2P1PJD0KQHRMC87V1G,01JQ7BTTHVBN8JNB2D20AFDYKY,2025-03-25T15:18:26.134753-04:00,01JQ7BTTJQ4XSVZYVHZS1KYSFX,2025-03-25T15:18:26.134753-04:00,01JQ7BVGK7FDRWHRTPF6J6NZNP,2025-03-25T15:18:26.134753-04:00,01JQ7BVRRYNY53BSQZJSTJYJQT,2025-03-25T15:18:26.134753-04:00,01JQ7BVRT74JY6BW4A8FQ2ZDE1,2025-03-25T15:18:26.134753-04:00,,
01JQ7G2A0V1FV9WW1M29NYGQR1,01JQ7FQ2NW8TBJBD4E8V3J20KM,2025-03-25T16:31:54.395361-04:00,01JQ7FQ2PEP32XPZ2GZT60EAX1,2025-03-25T16:31:54.395361-04:00,01JQ7FTNWNRWVJF0C71QHTPX36,2025-03-25T16:31:54.395361-04:00,01JQ7FVRAPN0ASDDR62PYM6C05,2025-03-25T16:31:54.395361-04:00,01JQ7FVRBZ0SE8M6G6RTWKADQF,2025-03-25T16:31:54.395361-04:00,true,2025-03-25T16:33:13.206643-04:00
01JQ79YE65G8EV6DFHZH9AR93C,01JQ79XPF0N0KBE52WAZ8EFWQ1,2025-03-25T14:44:56.133095-04:00,01JQ79XPFX87YKRPHCRC8PANME,2025-03-25T14:44:56.133095-04:00,01JQ79Y5Z9AV7N532FHFK18J6P,2025-03-25T14:44:56.133095-04:00,01JQ79Y8NG0TWTP9KYJAY2GZEV,2025-03-25T14:44:56.133095-04:00,01JQ79Y8P5HABW9NQ2WWY9EP2H,2025-03-25T14:44:56.133095-04:00,true,2025-03-25T14:45:01.256852-04:00
01JQ7CGEGDCGTBBR1N3612NY71,01JQ7CAP9F5RDSTVZFFXT8M33J,2025-03-25T15:29:43.437861-04:00,01JQ7CAPABJM6AHEKSW4MBVQFS,2025-03-25T15:29:43.437861-04:00,01JQ7CB5KKV66CPJKXCAAKCGMZ,2025-03-25T15:29:43.437861-04:00,01JQ7CBAHMKE462R5PVAM24FY7,2025-03-25T15:29:43.437861-04:00,01JQ7CBAKHEGPP0KE6R3HX67AR,2025-03-25T15:29:43.437861-04:00,true,2025-03-25T15:29:46.063754-04:00
01JQ7G56WFG5J82GP4ZT8DR2ZH,01JQ7FQ2NW8TBJBD4E8V3J20KM,2025-03-25T16:33:29.487626-04:00,01JQ7FQ2PEP32XPZ2GZT60EAX1,2025-03-25T16:33:29.487626-04:00,01JQ7FTHPPEHZ4M8BMHV3Z7F8T,2025-03-25T16:33:29.487626-04:00,01JQ7FVRAR2CR182W0MJM32KRM,2025-03-25T16:33:29.487626-04:00,01JQ7FVRE1V6CMYK0X2AKTSD2Q,2025-03-25T16:33:29.487626-04:00,true,2025-03-25T16:33:35.987801-04:00
01JQ79Y8VF1R1PGXT4G7VD447E,01JQ79XPF0N0KBE52WAZ8EFWQ1,2025-03-25T14:44:50.671413-04:00,01JQ79XPFX87YKRPHCRC8PANME,2025-03-25T14:44:50.671413-04:00,01JQ79Y1F0X93MREKSK42WK57A,2025-03-25T14:44:50.671413-04:00,01JQ79Y8NFMAQ3WSS01AKNRG97,2025-03-25T14:44:50.671413-04:00,01JQ79Y8NXKMP9K4MQ4QXW56KY,2025-03-25T14:44:50.671413-04:00,true,2025-03-25T14:44:53.801595-04:00
01JQ79YE65G8EV6DFHZVMR4ND5,01JQ79XPF0N0KBE52WAZ8EFWQ1,2025-03-25T14:44:56.133341-04:00,01JQ79XPFX87YKRPHCRC8PANME,2025-03-25T14:44:56.133341-04:00,01JQ79Y1F0X93MREKSK42WK57A,2025-03-25T14:44:56.133341-04:00,01JQ79Y8NG0TWTP9KYJAY2GZEV,2025-03-25T14:44:56.133341-04:00,01JQ79Y8P5HABW9NQ2WWY9EP2H,2025-03-25T14:44:56.133341-04:00,true,2025-03-25T14:44:58.812143-04:00
01JQ7A1NYEFM5YFWX011KD8MGE,01JQ7A0HGKSWHCF12W9Z0CH5GR,2025-03-25T14:46:42.38214-04:00,01JQ7A0HH9Y8FJE56XT0N6YBKG,2025-03-25T14:46:42.38214-04:00,01JQ7A0X9VWHMG56DZZ6C8G0D3,2025-03-25T14:46:42.38214-04:00,01JQ7A13NNXDDMY0VT01NFZY9J,2025-03-25T14:46:42.38214-04:00,01JQ7A13PVRD0JNH18TSDKDTK9,2025-03-25T14:46:42.38214-04:00,true,2025-03-25T14:46:44.32561-04:00
01JQ7FYMNZA4FKX2054YGR166F,01JQ7FQ2NW8TBJBD4E8V3J20KM,2025-03-25T16:29:54.23911-04:00,01JQ7FQ2PEP32XPZ2GZT60EAX1,2025-03-25T16:29:54.23911-04:00,01JQ7FTHPPEHZ4M8BMHV3Z7F8T,2025-03-25T16:29:54.23911-04:00,01JQ7FVRANRKJDM6DZPTYV11HY,2025-03-25T16:29:54.23911-04:00,01JQ7FVRBM62DV08TSCZ6R8GQ5,2025-03-25T16:29:54.23911-04:00,,
01JQ7A13XX0GE6EVR8WJEB68YB,01JQ7A0HGKSWHCF12W9Z0CH5GR,2025-03-25T14:46:23.933045-04:00,01JQ7A0HH9Y8FJE56XT0N6YBKG,2025-03-25T14:46:23.933045-04:00,01JQ7A10KWPME05GFBECKEW81E,2025-03-25T14:46:23.933045-04:00,01JQ7A13NKVBD44HBFJ9M67CXD,2025-03-25T14:46:23.933045-04:00,01JQ7A13P2B04G5PQBWWEZW98T,2025-03-25T14:46:23.933045-04:00,true,2025-03-25T14:46:28.678949-04:00
01JQ7A1HP674EY6HY620CJ6F6V,01JQ7A0HGKSWHCF12W9Z0CH5GR,2025-03-25T14:46:38.022414-04:00,01JQ7A0HH9Y8FJE56XT0N6YBKG,2025-03-25T14:46:38.022414-04:00,01JQ7A10KWPME05GFBECKEW81E,2025-03-25T14:46:38.022414-04:00,01JQ7A13NMT5K3GGBH49X2R9PC,2025-03-25T14:46:38.022414-04:00,01JQ7A13PN8H2KD65PARJN7BRQ,2025-03-25T14:46:38.022414-04:00,true,2025-03-25T14:46:42.297789-04:00
01JQ7CBATGV41QD6XCEYAPZW0V,01JQ7CAP9F5RDSTVZFFXT8M33J,2025-03-25T15:26:55.824708-04:00,01JQ7CAPABJM6AHEKSW4MBVQFS,2025-03-25T15:26:55.824708-04:00,01JQ7CB5KKV66CPJKXCAAKCGMZ,2025-03-25T15:26:55.824708-04:00,01JQ7CBAHEF77CKSAEDXFFAN0D,2025-03-25T15:26:55.824708-04:00,01JQ7CBAJ13H74S133A454AXPS,2025-03-25T15:26:55.824708-04:00,,
01JQ7BVS2P1PJD0KQHS2125VR3,01JQ7BTTHVBN8JNB2D20AFDYKY,2025-03-25T15:18:26.134961-04:00,01JQ7BTTJQ4XSVZYVHZS1KYSFX,2025-03-25T15:18:26.134961-04:00,01JQ7BVNYS39EMQNCM5CF4M888,2025-03-25T15:18:26.134961-04:00,01JQ7BVRRYNY53BSQZJSTJYJQT,2025-03-25T15:18:26.134961-04:00,01JQ7BVRT74JY6BW4A8FQ2ZDE1,2025-03-25T15:18:26.134961-04:00,,
01JQ7CFZ1RV26YVPRB85N8X45F,01JQ7CAP9F5RDSTVZFFXT8M33J,2025-03-25T15:29:27.60851-04:00,01JQ7CAPABJM6AHEKSW4MBVQFS,2025-03-25T15:29:27.60851-04:00,01JQ7CB5KKV66CPJKXCAAKCGMZ,2025-03-25T15:29:27.60851-04:00,01JQ7CBAHFDWMWQF8NPWS8T01H,2025-03-25T15:29:27.60851-04:00,01JQ7CBAJZ94PWGKTHCVT34423,2025-03-25T15:29:27.60851-04:00,true,2025-03-25T15:29:30.131072-04:00
01JQ7A1D78GPE24HM3X7X70Q37,01JQ7A0HGKSWHCF12W9Z0CH5GR,2025-03-25T14:46:33.448179-04:00,01JQ7A0HH9Y8FJE56XT0N6YBKG,2025-03-25T14:46:33.448179-04:00,01JQ7A10KWPME05GFBECKEW81E,2025-03-25T14:46:33.448179-04:00,01JQ7A13NMT5K3GGBH3NMR3C2F,2025-03-25T14:46:33.448179-04:00,01JQ7A13PFGGTK9D5JGQH47HDZ,2025-03-25T14:46:33.448179-04:00,true,2025-03-25T14:46:37.971988-04:00
01JQ7G4SBPXZY9MY5C0DJPD7R3,01JQ7FQ2NW8TBJBD4E8V3J20KM,2025-03-25T16:33:15.657406-04:00,01JQ7FQ2PEP32XPZ2GZT60EAX1,2025-03-25T16:33:15.657406-04:00,01JQ7FTNWNRWVJF0C71QHTPX36,2025-03-25T16:33:15.657406-04:00,01JQ7FVRAPN0ASDDR638P82F2M,2025-03-25T16:33:15.657406-04:00,01JQ7FVRCASQNY4QBRAHDGSJ9P,2025-03-25T16:33:15.657406-04:00,true,2025-03-25T16:33:20.265054-04:00
01JQ7A241WD5S602WXRJCSDSAT,01JQ7A0HGKSWHCF12W9Z0CH5GR,2025-03-25T14:46:56.828783-04:00,01JQ7A0HH9Y8FJE56XT0N6YBKG,2025-03-25T14:46:56.828783-04:00,01JQ7A10KWPME05GFBECKEW81E,2025-03-25T14:46:56.828783-04:00,01JQ7A13NSYF2SCJAW3Q83BDGZ,2025-03-25T14:46:56.828783-04:00,01JQ7A13QDN2X5HPYFP223NQ02,2025-03-25T14:46:56.828783-04:00,true,2025-03-25T14:47:01.410694-04:00
01JQ7C33MZ77KDW2EXT96RM85Z,01JQ7BTTHVBN8JNB2D20AFDYKY,2025-03-25T15:22:26.335934-04:00,01JQ7BTTJQ4XSVZYVHZS1KYSFX,2025-03-25T15:22:26.335934-04:00,01JQ7BVNYS39EMQNCM5CF4M888,2025-03-25T15:22:26.335934-04:00,01JQ7BVRRZ7T7HJB2Y8VRB0MX5,2025-03-25T15:22:26.335934-04:00,01JQ7BVRTWM0M70X9N3NCQECV9,2025-03-25T15:22:26.335934-04:00,,
01JQ7CFJ5DHED2RSM874QV7030,01JQ7CAP9F5RDSTVZFFXT8M33J,2025-03-25T15:29:14.413859-04:00,01JQ7CAPABJM6AHEKSW4MBVQFS,2025-03-25T15:29:14.413859-04:00,01JQ7CB5KKV66CPJKXCAAKCGMZ,2025-03-25T15:29:14.413859-04:00,01JQ7CBAHFDWMWQF8NPF9NBJWM,2025-03-25T15:29:14.413859-04:00,01JQ7CBAJJG55Y8ZNF3G8QFQ4Y,2025-03-25T15:29:14.413859-04:00,true,2025-03-25T15:29:20.769191-04:00
01JQ7FVRX91M1FXJ5VVARTS9NV,01JQ7FQ2NW8TBJBD4E8V3J20KM,2025-03-25T16:28:20.265334-04:00,01JQ7FQ2PEP32XPZ2GZT60EAX1,2025-03-25T16:28:20.265334-04:00,01JQ7FTNWNRWVJF0C71QHTPX36,2025-03-25T16:28:20.265334-04:00,01JQ7FVRAK9F5GY86T5TPZ76PA,2025-03-25T16:28:20.265334-04:00,01JQ7FVRB8ZJPMFR4MKR9SE8VF,2025-03-25T16:28:20.265334-04:00,true,2025-03-25T16:29:54.079017-04:00
01JQ79YK97FDD43BK9YT3BS41G,01JQ79XPF0N0KBE52WAZ8EFWQ1,2025-03-25T14:45:01.351087-04:00,01JQ79XPFX87YKRPHCRC8PANME,2025-03-25T14:45:01.351087-04:00,01JQ79Y5Z9AV7N532FHFK18J6P,2025-03-25T14:45:01.351087-04:00,01JQ79Y8NG0TWTP9KYJYMEPVF9,2025-03-25T14:45:01.351087-04:00,01JQ79Y8PCJZ485NDSKDXNRDHX,2025-03-25T14:45:01.351087-04:00,true,2025-03-25T14:45:05.732675-04:00
01JQ7A1SX05MTT4SSBMN9GJGWE,01JQ7A0HGKSWHCF12W9Z0CH5GR,2025-03-25T14:46:46.432388-04:00,01JQ7A0HH9Y8FJE56XT0N6YBKG,2025-03-25T14:46:46.432388-04:00,01JQ7A10KWPME05GFBECKEW81E,2025-03-25T14:46:46.432388-04:00,01JQ7A13NRCK4T4BC263R0H63W,2025-03-25T14:46:46.432388-04:00,01JQ7A13Q0CZ5TPPNDC8H6SCB5,2025-03-25T14:46:46.432388-04:00,true,2025-03-25T14:46:51.543444-04:00
01JQ7CG41NRRXR1NVQGD7VBMYX,01JQ7CAP9F5RDSTVZFFXT8M33J,2025-03-25T15:29:32.725093-04:00,01JQ7CAPABJM6AHEKSW4MBVQFS,2025-03-25T15:29:32.725093-04:00,01JQ7CB878998XK04ZGARH1FD4,2025-03-25T15:29:32.725093-04:00,01JQ7CBAHG4HS2G881DBBBGRDE,2025-03-25T15:29:32.725093-04:00,01JQ7CBAK5Q03FXW5DN869N0Y0,2025-03-25T15:29:32.725093-04:00,true,2025-03-25T15:29:37.428406-04:00
01JQ7CF07ZY894RQQ3058V1AS3,01JQ7CAP9F5RDSTVZFFXT8M33J,2025-03-25T15:28:56.063494-04:00,01JQ7CAPABJM6AHEKSW4MBVQFS,2025-03-25T15:28:56.063494-04:00,01JQ7CB5KKV66CPJKXCAAKCGMZ,2025-03-25T15:28:56.063494-04:00,01JQ7CBAHEF77CKSAEEN0BNQJ5,2025-03-25T15:28:56.063494-04:00,01JQ7CBAJA99FF9HZE5WCC6EFT,2025-03-25T15:28:56.063494-04:00,true,2025-03-25T15:29:14.292748-04:00
01JQ7CFTE6BJGE95CKQ45VEC2T,01JQ7CAP9F5RDSTVZFFXT8M33J,2025-03-25T15:29:22.886109-04:00,01JQ7CAPABJM6AHEKSW4MBVQFS,2025-03-25T15:29:22.886109-04:00,01JQ7CB5KKV66CPJKXCAAKCGMZ,2025-03-25T15:29:22.886109-04:00,01JQ7CBAHHYQ7YM74AZHX4BQCX,2025-03-25T15:29:22.886109-04:00,01JQ7CBAJSCRHKV68SJ0JVFFHB,2025-03-25T15:29:22.886109-04:00,true,2025-03-25T15:29:25.237242-04:00
01JQ7G506XN17ZNFPWKZSQZ1B6,01JQ7FQ2NW8TBJBD4E8V3J20KM,2025-03-25T16:33:22.653327-04:00,01JQ7FQ2PEP32XPZ2GZT60EAX1,2025-03-25T16:33:22.653327-04:00,01JQ7FTHPPEHZ4M8BMHV3Z7F8T,2025-03-25T16:33:22.653327-04:00,01JQ7FVRAQBTPVG98JWX0MF2HZ,2025-03-25T16:33:22.653327-04:00,01JQ7FVRD8RTBJZ8H13P9XREE2,2025-03-25T16:33:22.653327-04:00,true,2025-03-25T16:33:29.328571-04:00
01JQ7G506XN17ZNFPWMBRCW6ZN,01JQ7FQ2NW8TBJBD4E8V3J20KM,2025-03-25T16:33:22.653901-04:00,01JQ7FQ2PEP32XPZ2GZT60EAX1,2025-03-25T16:33:22.653901-04:00,01JQ7FTNWNRWVJF0C71QHTPX36,2025-03-25T16:33:22.653901-04:00,01JQ7FVRAQBTPVG98JWX0MF2HZ,2025-03-25T16:33:22.653901-04:00,01JQ7FVRD8RTBJZ8H13P9XREE2,2025-03-25T16:33:22.653901-04:00,true,2025-03-25T16:33:27.121577-04:00
01JQ7G5DBP7W0G10TM6KXBBJME,01JQ7FQ2NW8TBJBD4E8V3J20KM,2025-03-25T16:33:36.118934-04:00,01JQ7FQ2PEP32XPZ2GZT60EAX1,2025-03-25T16:33:36.118934-04:00,01JQ7FTHPPEHZ4M8BMHV3Z7F8T,2025-03-25T16:33:36.118934-04:00,01JQ7FVRASJRWE4XZQ65D6F697,2025-03-25T16:33:36.118934-04:00,01JQ7FVREAHA5T50ABBYN50WP5,2025-03-25T16:33:36.118934-04:00,true,2025-03-25T16:33:42.005054-04:00
01JQ79YQM2R1SRACHAAHNXZZYC,01JQ79XPF0N0KBE52WAZ8EFWQ1,2025-03-25T14:45:05.794141-04:00,01JQ79XPFX87YKRPHCRC8PANME,2025-03-25T14:45:05.794141-04:00,01JQ79Y5Z9AV7N532FHFK18J6P,2025-03-25T14:45:05.794141-04:00,01JQ79Y8NHGWWKZE6D20HD06FB,2025-03-25T14:45:05.794141-04:00,01JQ79Y8PJST7QB1M8202DBK6X,2025-03-25T14:45:05.794141-04:00,true,2025-03-25T14:45:10.567698-04:00
01JQ7A1D78GPE24HM3XSNJVYYX,01JQ7A0HGKSWHCF12W9Z0CH5GR,2025-03-25T14:46:33.448541-04:00,01JQ7A0HH9Y8FJE56XT0N6YBKG,2025-03-25T14:46:33.448541-04:00,01JQ7A0X9VWHMG56DZZ6C8G0D3,2025-03-25T14:46:33.448541-04:00,01JQ7A13NMT5K3GGBH3NMR3C2F,2025-03-25T14:46:33.448541-04:00,01JQ7A13PFGGTK9D5JGQH47HDZ,2025-03-25T14:46:33.448541-04:00,true,2025-03-25T14:46:35.790398-04:00
01JQ7BZEC5R21PWGTKZQ2ZJF8N,01JQ7BTTHVBN8JNB2D20AFDYKY,2025-03-25T15:20:26.24532-04:00,01JQ7BTTJQ4XSVZYVHZS1KYSFX,2025-03-25T15:20:26.24532-04:00,01JQ7BVGK7FDRWHRTPF6J6NZNP,2025-03-25T15:20:26.24532-04:00,01JQ7BVRRYNY53BSQZKAF2RBJE,2025-03-25T15:20:26.24532-04:00,01JQ7BVRTJA64QRBMC4FQXV6PC,2025-03-25T15:20:26.24532-04:00,,
01JQ7A1SWZGAFZGPJ411HJ00AD,01JQ7A0HGKSWHCF12W9Z0CH5GR,2025-03-25T14:46:46.431994-04:00,01JQ7A0HH9Y8FJE56XT0N6YBKG,2025-03-25T14:46:46.431994-04:00,01JQ7A0X9VWHMG56DZZ6C8G0D3,2025-03-25T14:46:46.431994-04:00,01JQ7A13NRCK4T4BC263R0H63W,2025-03-25T14:46:46.431994-04:00,01JQ7A13Q0CZ5TPPNDC8H6SCB5,2025-03-25T14:46:46.431994-04:00,true,2025-03-25T14:46:49.015497-04:00
01JQ7G4SCAQSKC5Y5H48MJ7V16,01JQ7FQ2NW8TBJBD4E8V3J20KM,2025-03-25T16:33:15.658362-04:00,01JQ7FQ2PEP32XPZ2GZT60EAX1,2025-03-25T16:33:15.658362-04:00,01JQ7FTHPPEHZ4M8BMHV3Z7F8T,2025-03-25T16:33:15.658362-04:00,01JQ7FVRAPN0ASDDR638P82F2M,2025-03-25T16:33:15.658362-04:00,01JQ7FVRCASQNY4QBRAHDGSJ9P,2025-03-25T16:33:15.658362-04:00,true,2025-03-25T16:33:22.455105-04:00
01JQ7G5DBQTSJSJD808B2CXCNS,01JQ7FQ2NW8TBJBD4E8V3J20KM,2025-03-25T16:33:36.119689-04:00,01JQ7FQ2PEP32XPZ2GZT60EAX1,2025-03-25T16:33:36.119689-04:00,01JQ7FTNWNRWVJF0C71QHTPX36,2025-03-25T16:33:36.119689-04:00,01JQ7FVRASJRWE4XZQ65D6F697,2025-03-25T16:33:36.119689-04:00,01JQ7FVREAHA5T50ABBYN50WP5,2025-03-25T16:33:36.119689-04:00,true,2025-03-25T16:33:39.657387-04:00
01JQ7C33N0F3701HNK5HHG2WJK,01JQ7BTTHVBN8JNB2D20AFDYKY,2025-03-25T15:22:26.336183-04:00,01JQ7BTTJQ4XSVZYVHZS1KYSFX,2025-03-25T15:22:26.336183-04:00,01JQ7BVGK7FDRWHRTPF6J6NZNP,2025-03-25T15:22:26.336183-04:00,01JQ7BVRRZ7T7HJB2Y8VRB0MX5,2025-03-25T15:22:26.336183-04:00,01JQ7BVRTWM0M70X9N3NCQECV9,2025-03-25T15:22:26.336183-04:00,,
01JQ7CFZ1RV26YVPRB7RVSSNYC,01JQ7CAP9F5RDSTVZFFXT8M33J,2025-03-25T15:29:27.608149-04:00,01JQ7CAPABJM6AHEKSW4MBVQFS,2025-03-25T15:29:27.608149-04:00,01JQ7CB878998XK04ZGARH1FD4,2025-03-25T15:29:27.608149-04:00,01JQ7CBAHFDWMWQF8NPWS8T01H,2025-03-25T15:29:27.608149-04:00,01JQ7CBAJZ94PWGKTHCVT34423,2025-03-25T15:29:27.608149-04:00,true,2025-03-25T15:29:32.64806-04:00
01JQ7CG41MP2NQ57927BQ0YC0J,01JQ7CAP9F5RDSTVZFFXT8M33J,2025-03-25T15:29:32.724767-04:00,01JQ7CAPABJM6AHEKSW4MBVQFS,2025-03-25T15:29:32.724767-04:00,01JQ7CB5KKV66CPJKXCAAKCGMZ,2025-03-25T15:29:32.724767-04:00,01JQ7CBAHG4HS2G881DBBBGRDE,2025-03-25T15:29:32.724767-04:00,01JQ7CBAK5Q03FXW5DN869N0Y0,2025-03-25T15:29:32.724767-04:00,true,2025-03-25T15:29:34.715004-04:00
01JQ7CG8PTET2T4R661QW42E5W,01JQ7CAP9F5RDSTVZFFXT8M33J,2025-03-25T15:29:37.499019-04:00,01JQ7CAPABJM6AHEKSW4MBVQFS,2025-03-25T15:29:37.499019-04:00,01JQ7CB878998XK04ZGARH1FD4,2025-03-25T15:29:37.499019-04:00,01JQ7CBAHJRC7V7T1XFR0QYDF7,2025-03-25T15:29:37.499019-04:00,01JQ7CBAKBAR1RQWB8KW3TRPYD,2025-03-25T15:29:37.499019-04:00,true,2025-03-25T15:29:43.335547-04:00
01JQ79YK97FDD43BK9Z8YWG6N4,01JQ79XPF0N0KBE52WAZ8EFWQ1,2025-03-25T14:45:01.351322-04:00,01JQ79XPFX87YKRPHCRC8PANME,2025-03-25T14:45:01.351322-04:00,01JQ79Y1F0X93MREKSK42WK57A,2025-03-25T14:45:01.351322-04:00,01JQ79Y8NG0TWTP9KYJYMEPVF9,2025-03-25T14:45:01.351322-04:00,01JQ79Y8PCJZ485NDSKDXNRDHX,2025-03-25T14:45:01.351322-04:00,true,2025-03-25T14:45:03.618894-04:00
01JQ7A18N0FRP1JB00CPZQ10HP,01JQ7A0HGKSWHCF12W9Z0CH5GR,2025-03-25T14:46:28.768581-04:00,01JQ7A0HH9Y8FJE56XT0N6YBKG,2025-03-25T14:46:28.768581-04:00,01JQ7A10KWPME05GFBECKEW81E,2025-03-25T14:46:28.768581-04:00,01JQ7A13NKVBD44HBFK297P2TF,2025-03-25T14:46:28.768581-04:00,01JQ7A13P9XR892QW8497E9M7Z,2025-03-25T14:46:28.768581-04:00,true,2025-03-25T14:46:33.383133-04:00
01JQ7A241WD5S602WXR6MTFTVM,01JQ7A0HGKSWHCF12W9Z0CH5GR,2025-03-25T14:46:56.828469-04:00,01JQ7A0HH9Y8FJE56XT0N6YBKG,2025-03-25T14:46:56.828469-04:00,01JQ7A0X9VWHMG56DZZ6C8G0D3,2025-03-25T14:46:56.828469-04:00,01JQ7A13NSYF2SCJAW3Q83BDGZ,2025-03-25T14:46:56.828469-04:00,01JQ7A13QDN2X5HPYFP223NQ02,2025-03-25T14:46:56.828469-04:00,true,2025-03-25T14:46:58.973191-04:00
01JQ7A18N0FRP1JB00CBEH35FF,01JQ7A0HGKSWHCF12W9Z0CH5GR,2025-03-25T14:46:28.768333-04:00,01JQ7A0HH9Y8FJE56XT0N6YBKG,2025-03-25T14:46:28.768333-04:00,01JQ7A0X9VWHMG56DZZ6C8G0D3,2025-03-25T14:46:28.768333-04:00,01JQ7A13NKVBD44HBFK297P2TF,2025-03-25T14:46:28.768333-04:00,01JQ7A13P9XR892QW8497E9M7Z,2025-03-25T14:46:28.768333-04:00,true,2025-03-25T14:46:30.931294-04:00
01JQ7G2A0TQH6P29K62Y5V8J4J,01JQ7FQ2NW8TBJBD4E8V3J20KM,2025-03-25T16:31:54.394406-04:00,01JQ7FQ2PEP32XPZ2GZT60EAX1,2025-03-25T16:31:54.394406-04:00,01JQ7FTHPPEHZ4M8BMHV3Z7F8T,2025-03-25T16:31:54.394406-04:00,01JQ7FVRAPN0ASDDR62PYM6C05,2025-03-25T16:31:54.394406-04:00,01JQ7FVRBZ0SE8M6G6RTWKADQF,2025-03-25T16:31:54.394406-04:00,true,2025-03-25T16:33:15.354387-04:00
01JQ7G56WAK638N3NKX60PYS2N,01JQ7FQ2NW8TBJBD4E8V3J20KM,2025-03-25T16:33:29.482508-04:00,01JQ7FQ2PEP32XPZ2GZT60EAX1,2025-03-25T16:33:29.482508-04:00,01JQ7FTNWNRWVJF0C71QHTPX36,2025-03-25T16:33:29.482508-04:00,01JQ7FVRAR2CR182W0MJM32KRM,2025-03-25T16:33:29.482508-04:00,01JQ7FVRE1V6CMYK0X2AKTSD2Q,2025-03-25T16:33:29.482508-04:00,true,2025-03-25T16:33:33.508881-04:00
