id,answer,answerLastChangedAt,batchID,batchIDLastChangedAt,gameID,gameIDLastChangedAt,playerID,playerIDLastChangedAt,roundID,roundIDLastChangedAt
01JQ7BVS24F629W1501XBN63CH,,,01JQ7BTTHVBN8JNB2D20AFDYKY,2025-03-25T15:18:26.116842-04:00,01JQ7BTTJQ4XSVZYVHZS1KYSFX,2025-03-25T15:18:26.116842-04:00,01JQ7BVNYS39EMQNCM5CF4M888,2025-03-25T15:18:26.116842-04:00,01JQ7BVRRYNY53BSQZJSTJYJQT,2025-03-25T15:18:26.116842-04:00
01JQ7CF05ECZ59M31ABFP5PMSX,Yes,2025-03-25T15:29:03.431381-04:00,01JQ7CAP9F5RDSTVZFFXT8M33J,2025-03-25T15:28:55.982382-04:00,01JQ7CAPABJM6AHEKSW4MBVQFS,2025-03-25T15:28:55.982382-04:00,01JQ7CB5KKV66CPJKXCAAKCGMZ,2025-03-25T15:28:55.982382-04:00,01JQ7CBAHEF77CKSAEEN0BNQJ5,2025-03-25T15:28:55.982382-04:00
01JQ7FVRWGMYEKCE390N3SJAV8,Yes,2025-03-25T16:29:45.630185-04:00,01JQ7FQ2NW8TBJBD4E8V3J20KM,2025-03-25T16:28:20.240106-04:00,01JQ7FQ2PEP32XPZ2GZT60EAX1,2025-03-25T16:28:20.240106-04:00,01JQ7FTHPPEHZ4M8BMHV3Z7F8T,2025-03-25T16:28:20.240106-04:00,01JQ7FVRAK9F5GY86T5TPZ76PA,2025-03-25T16:28:20.240106-04:00
01JQ7G5DAJCZB58VX99063H2K9,No,2025-03-25T16:33:38.80382-04:00,01JQ7FQ2NW8TBJBD4E8V3J20KM,2025-03-25T16:33:36.082491-04:00,01JQ7FQ2PEP32XPZ2GZT60EAX1,2025-03-25T16:33:36.082491-04:00,01JQ7FTNWNRWVJF0C71QHTPX36,2025-03-25T16:33:36.082491-04:00,01JQ7FVRASJRWE4XZQ65D6F697,2025-03-25T16:33:36.082491-04:00
01JQ7A1D6JHDBHHS0EHZHTDNRA,Yes,2025-03-25T14:46:35.281882-04:00,01JQ7A0HGKSWHCF12W9Z0CH5GR,2025-03-25T14:46:33.426084-04:00,01JQ7A0HH9Y8FJE56XT0N6YBKG,2025-03-25T14:46:33.426084-04:00,01JQ7A0X9VWHMG56DZZ6C8G0D3,2025-03-25T14:46:33.426084-04:00,01JQ7A13NMT5K3GGBH3NMR3C2F,2025-03-25T14:46:33.426084-04:00
01JQ7G56THKR0R5QCHWF56ZRK8,No,2025-03-25T16:33:32.49397-04:00,01JQ7FQ2NW8TBJBD4E8V3J20KM,2025-03-25T16:33:29.425204-04:00,01JQ7FQ2PEP32XPZ2GZT60EAX1,2025-03-25T16:33:29.425204-04:00,01JQ7FTNWNRWVJF0C71QHTPX36,2025-03-25T16:33:29.425204-04:00,01JQ7FVRAR2CR182W0MJM32KRM,2025-03-25T16:33:29.425204-04:00
01JQ7A1HNFPP7087QEYR2FT71X,Yes,2025-03-25T14:46:39.845041-04:00,01JQ7A0HGKSWHCF12W9Z0CH5GR,2025-03-25T14:46:37.999515-04:00,01JQ7A0HH9Y8FJE56XT0N6YBKG,2025-03-25T14:46:37.999515-04:00,01JQ7A0X9VWHMG56DZZ6C8G0D3,2025-03-25T14:46:37.999515-04:00,01JQ7A13NMT5K3GGBH49X2R9PC,2025-03-25T14:46:37.999515-04:00
01JQ7A1HNFPP7087QEZ4FGYM5F,Yes,2025-03-25T14:46:41.82688-04:00,01JQ7A0HGKSWHCF12W9Z0CH5GR,2025-03-25T14:46:37.999779-04:00,01JQ7A0HH9Y8FJE56XT0N6YBKG,2025-03-25T14:46:37.999779-04:00,01JQ7A10KWPME05GFBECKEW81E,2025-03-25T14:46:37.999779-04:00,01JQ7A13NMT5K3GGBH49X2R9PC,2025-03-25T14:46:37.999779-04:00
01JQ7C33MAP1M267KPXSM13EGG,,,01JQ7BTTHVBN8JNB2D20AFDYKY,2025-03-25T15:22:26.314588-04:00,01JQ7BTTJQ4XSVZYVHZS1KYSFX,2025-03-25T15:22:26.314588-04:00,01JQ7BVGK7FDRWHRTPF6J6NZNP,2025-03-25T15:22:26.314588-04:00,01JQ7BVRRZ7T7HJB2Y8VRB0MX5,2025-03-25T15:22:26.314588-04:00
01JQ7CF05DDC4TNXNQKBJB94MA,No,2025-03-25T15:29:11.602752-04:00,01JQ7CAP9F5RDSTVZFFXT8M33J,2025-03-25T15:28:55.982017-04:00,01JQ7CAPABJM6AHEKSW4MBVQFS,2025-03-25T15:28:55.982017-04:00,01JQ7CB878998XK04ZGARH1FD4,2025-03-25T15:28:55.982017-04:00,01JQ7CBAHEF77CKSAEEN0BNQJ5,2025-03-25T15:28:55.982017-04:00
01JQ7CFZ0V6SE6WH24MSVEYXS3,Yes,2025-03-25T15:29:29.622457-04:00,01JQ7CAP9F5RDSTVZFFXT8M33J,2025-03-25T15:29:27.579227-04:00,01JQ7CAPABJM6AHEKSW4MBVQFS,2025-03-25T15:29:27.579227-04:00,01JQ7CB5KKV66CPJKXCAAKCGMZ,2025-03-25T15:29:27.579227-04:00,01JQ7CBAHFDWMWQF8NPWS8T01H,2025-03-25T15:29:27.579227-04:00
01JQ7CG40RJK5P5KTS1JV7SX48,Yes,2025-03-25T15:29:34.271902-04:00,01JQ7CAP9F5RDSTVZFFXT8M33J,2025-03-25T15:29:32.696937-04:00,01JQ7CAPABJM6AHEKSW4MBVQFS,2025-03-25T15:29:32.696937-04:00,01JQ7CB5KKV66CPJKXCAAKCGMZ,2025-03-25T15:29:32.696937-04:00,01JQ7CBAHG4HS2G881DBBBGRDE,2025-03-25T15:29:32.696937-04:00
01JQ7CG40SBDX1FD87DCSW2AVJ,No,2025-03-25T15:29:36.720305-04:00,01JQ7CAP9F5RDSTVZFFXT8M33J,2025-03-25T15:29:32.697249-04:00,01JQ7CAPABJM6AHEKSW4MBVQFS,2025-03-25T15:29:32.697249-04:00,01JQ7CB878998XK04ZGARH1FD4,2025-03-25T15:29:32.697249-04:00,01JQ7CBAHG4HS2G881DBBBGRDE,2025-03-25T15:29:32.697249-04:00
01JQ7A13X8PG4J8XZAFH6DN1Y2,Yes,2025-03-25T14:46:28.142598-04:00,01JQ7A0HGKSWHCF12W9Z0CH5GR,2025-03-25T14:46:23.912233-04:00,01JQ7A0HH9Y8FJE56XT0N6YBKG,2025-03-25T14:46:23.912233-04:00,01JQ7A10KWPME05GFBECKEW81E,2025-03-25T14:46:23.912233-04:00,01JQ7A13NKVBD44HBFJ9M67CXD,2025-03-25T14:46:23.912233-04:00
01JQ7A1D6HNH9P7F6B8S8ZGFV7,No,2025-03-25T14:46:37.378479-04:00,01JQ7A0HGKSWHCF12W9Z0CH5GR,2025-03-25T14:46:33.425864-04:00,01JQ7A0HH9Y8FJE56XT0N6YBKG,2025-03-25T14:46:33.425864-04:00,01JQ7A10KWPME05GFBECKEW81E,2025-03-25T14:46:33.425864-04:00,01JQ7A13NMT5K3GGBH3NMR3C2F,2025-03-25T14:46:33.425864-04:00
01JQ7A2416K8MZC4AM3Y4J02Q6,Yes,2025-03-25T14:46:58.494584-04:00,01JQ7A0HGKSWHCF12W9Z0CH5GR,2025-03-25T14:46:56.806507-04:00,01JQ7A0HH9Y8FJE56XT0N6YBKG,2025-03-25T14:46:56.806507-04:00,01JQ7A0X9VWHMG56DZZ6C8G0D3,2025-03-25T14:46:56.806507-04:00,01JQ7A13NSYF2SCJAW3Q83BDGZ,2025-03-25T14:46:56.806507-04:00
01JQ7CBAQMXW70D4ZQN64F03JD,,,01JQ7CAP9F5RDSTVZFFXT8M33J,2025-03-25T15:26:55.732987-04:00,01JQ7CAPABJM6AHEKSW4MBVQFS,2025-03-25T15:26:55.732987-04:00,01JQ7CB878998XK04ZGARH1FD4,2025-03-25T15:26:55.732987-04:00,01JQ7CBAHEF77CKSAEDXFFAN0D,2025-03-25T15:26:55.732987-04:00
01JQ79Y8TS6ZAYFXAHC2FSR7AP,Yes,2025-03-25T14:44:52.612414-04:00,01JQ79XPF0N0KBE52WAZ8EFWQ1,2025-03-25T14:44:50.649104-04:00,01JQ79XPFX87YKRPHCRC8PANME,2025-03-25T14:44:50.649104-04:00,01JQ79Y1F0X93MREKSK42WK57A,2025-03-25T14:44:50.649104-04:00,01JQ79Y8NFMAQ3WSS01AKNRG97,2025-03-25T14:44:50.649104-04:00
01JQ7BVS25P6CMWDC2A1VM0QB9,,,01JQ7BTTHVBN8JNB2D20AFDYKY,2025-03-25T15:18:26.11711-04:00,01JQ7BTTJQ4XSVZYVHZS1KYSFX,2025-03-25T15:18:26.11711-04:00,01JQ7BVGK7FDRWHRTPF6J6NZNP,2025-03-25T15:18:26.11711-04:00,01JQ7BVRRYNY53BSQZJSTJYJQT,2025-03-25T15:18:26.11711-04:00
01JQ7CFJ4AS2PEWPWXH1BNGQA7,Yes,2025-03-25T15:29:22.343343-04:00,01JQ7CAP9F5RDSTVZFFXT8M33J,2025-03-25T15:29:14.378585-04:00,01JQ7CAPABJM6AHEKSW4MBVQFS,2025-03-25T15:29:14.378585-04:00,01JQ7CB878998XK04ZGARH1FD4,2025-03-25T15:29:14.378585-04:00,01JQ7CBAHFDWMWQF8NPF9NBJWM,2025-03-25T15:29:14.378585-04:00
01JQ7CG8P3B9BEG4ZCVNC0F1RQ,Yes,2025-03-25T15:29:39.240722-04:00,01JQ7CAP9F5RDSTVZFFXT8M33J,2025-03-25T15:29:37.475398-04:00,01JQ7CAPABJM6AHEKSW4MBVQFS,2025-03-25T15:29:37.475398-04:00,01JQ7CB5KKV66CPJKXCAAKCGMZ,2025-03-25T15:29:37.475398-04:00,01JQ7CBAHJRC7V7T1XFR0QYDF7,2025-03-25T15:29:37.475398-04:00
01JQ7G56TMTD8NBKRG09M0KVPH,No,2025-03-25T16:33:30.38216-04:00,01JQ7FQ2NW8TBJBD4E8V3J20KM,2025-03-25T16:33:29.428768-04:00,01JQ7FQ2PEP32XPZ2GZT60EAX1,2025-03-25T16:33:29.428768-04:00,01JQ7FTHPPEHZ4M8BMHV3Z7F8T,2025-03-25T16:33:29.428768-04:00,01JQ7FVRAR2CR182W0MJM32KRM,2025-03-25T16:33:29.428768-04:00
01JQ7G5K62AHC1K3QD6SJH8NEE,No,2025-03-25T16:33:43.053459-04:00,01JQ7FQ2NW8TBJBD4E8V3J20KM,2025-03-25T16:33:42.08303-04:00,01JQ7FQ2PEP32XPZ2GZT60EAX1,2025-03-25T16:33:42.08303-04:00,01JQ7FTHPPEHZ4M8BMHV3Z7F8T,2025-03-25T16:33:42.08303-04:00,01JQ7FVRASJRWE4XZQ5G28BPB6,2025-03-25T16:33:42.08303-04:00
01JQ79YK8BACNX33SFATVK12KX,No,2025-03-25T14:45:05.165104-04:00,01JQ79XPF0N0KBE52WAZ8EFWQ1,2025-03-25T14:45:01.323448-04:00,01JQ79XPFX87YKRPHCRC8PANME,2025-03-25T14:45:01.323448-04:00,01JQ79Y5Z9AV7N532FHFK18J6P,2025-03-25T14:45:01.323448-04:00,01JQ79Y8NG0TWTP9KYJYMEPVF9,2025-03-25T14:45:01.323448-04:00
01JQ7A1NXM17YTRVA6W7AKENP2,Yes,2025-03-25T14:46:45.684756-04:00,01JQ7A0HGKSWHCF12W9Z0CH5GR,2025-03-25T14:46:42.356738-04:00,01JQ7A0HH9Y8FJE56XT0N6YBKG,2025-03-25T14:46:42.356738-04:00,01JQ7A10KWPME05GFBECKEW81E,2025-03-25T14:46:42.356738-04:00,01JQ7A13NNXDDMY0VT01NFZY9J,2025-03-25T14:46:42.356738-04:00
01JQ7C33MAP1M267KPY512BYKV,,,01JQ7BTTHVBN8JNB2D20AFDYKY,2025-03-25T15:22:26.314897-04:00,01JQ7BTTJQ4XSVZYVHZS1KYSFX,2025-03-25T15:22:26.314897-04:00,01JQ7BVNYS39EMQNCM5CF4M888,2025-03-25T15:22:26.314897-04:00,01JQ7BVRRZ7T7HJB2Y8VRB0MX5,2025-03-25T15:22:26.314897-04:00
01JQ7CFTDB57Q3TR5ST9D9Z9SN,No,2025-03-25T15:29:24.838231-04:00,01JQ7CAP9F5RDSTVZFFXT8M33J,2025-03-25T15:29:22.859178-04:00,01JQ7CAPABJM6AHEKSW4MBVQFS,2025-03-25T15:29:22.859178-04:00,01JQ7CB5KKV66CPJKXCAAKCGMZ,2025-03-25T15:29:22.859178-04:00,01JQ7CBAHHYQ7YM74AZHX4BQCX,2025-03-25T15:29:22.859178-04:00
01JQ7G4S96GQTRGQY3ZV65F957,No,2025-03-25T16:33:18.997369-04:00,01JQ7FQ2NW8TBJBD4E8V3J20KM,2025-03-25T16:33:15.558489-04:00,01JQ7FQ2PEP32XPZ2GZT60EAX1,2025-03-25T16:33:15.558489-04:00,01JQ7FTNWNRWVJF0C71QHTPX36,2025-03-25T16:33:15.558489-04:00,01JQ7FVRAPN0ASDDR638P82F2M,2025-03-25T16:33:15.558489-04:00
01JQ7A1SW9VCCWR9CTQ4RV1ADA,No,2025-03-25T14:46:48.13545-04:00,01JQ7A0HGKSWHCF12W9Z0CH5GR,2025-03-25T14:46:46.409858-04:00,01JQ7A0HH9Y8FJE56XT0N6YBKG,2025-03-25T14:46:46.409858-04:00,01JQ7A0X9VWHMG56DZZ6C8G0D3,2025-03-25T14:46:46.409858-04:00,01JQ7A13NRCK4T4BC263R0H63W,2025-03-25T14:46:46.409858-04:00
01JQ7CFJ4AS2PEWPWXGKSVRF6G,Yes,2025-03-25T15:29:20.34342-04:00,01JQ7CAP9F5RDSTVZFFXT8M33J,2025-03-25T15:29:14.378256-04:00,01JQ7CAPABJM6AHEKSW4MBVQFS,2025-03-25T15:29:14.378256-04:00,01JQ7CB5KKV66CPJKXCAAKCGMZ,2025-03-25T15:29:14.378256-04:00,01JQ7CBAHFDWMWQF8NPF9NBJWM,2025-03-25T15:29:14.378256-04:00
01JQ7G5DAJCZB58VX98QN0K6VJ,No,2025-03-25T16:33:37.123104-04:00,01JQ7FQ2NW8TBJBD4E8V3J20KM,2025-03-25T16:33:36.082056-04:00,01JQ7FQ2PEP32XPZ2GZT60EAX1,2025-03-25T16:33:36.082056-04:00,01JQ7FTHPPEHZ4M8BMHV3Z7F8T,2025-03-25T16:33:36.082056-04:00,01JQ7FVRASJRWE4XZQ65D6F697,2025-03-25T16:33:36.082056-04:00
01JQ79YE5EY2R6GTT6GMY3SHTQ,Yes,2025-03-25T14:44:58.231727-04:00,01JQ79XPF0N0KBE52WAZ8EFWQ1,2025-03-25T14:44:56.110816-04:00,01JQ79XPFX87YKRPHCRC8PANME,2025-03-25T14:44:56.110816-04:00,01JQ79Y1F0X93MREKSK42WK57A,2025-03-25T14:44:56.110816-04:00,01JQ79Y8NG0TWTP9KYJAY2GZEV,2025-03-25T14:44:56.110816-04:00
01JQ7G29Z842QCTXRCYVQJ6XE0,Yes,2025-03-25T16:33:10.341272-04:00,01JQ7FQ2NW8TBJBD4E8V3J20KM,2025-03-25T16:31:54.34449-04:00,01JQ7FQ2PEP32XPZ2GZT60EAX1,2025-03-25T16:31:54.34449-04:00,01JQ7FTHPPEHZ4M8BMHV3Z7F8T,2025-03-25T16:31:54.34449-04:00,01JQ7FVRAPN0ASDDR62PYM6C05,2025-03-25T16:31:54.34449-04:00
01JQ7G504ZAAH5B4DN00QJGV0R,No,2025-03-25T16:33:24.435122-04:00,01JQ7FQ2NW8TBJBD4E8V3J20KM,2025-03-25T16:33:22.592134-04:00,01JQ7FQ2PEP32XPZ2GZT60EAX1,2025-03-25T16:33:22.592134-04:00,01JQ7FTHPPEHZ4M8BMHV3Z7F8T,2025-03-25T16:33:22.592134-04:00,01JQ7FVRAQBTPVG98JWX0MF2HZ,2025-03-25T16:33:22.592134-04:00
01JQ79YQK9EW8Z6QEQ37H80T2Q,Yes,2025-03-25T14:45:07.501719-04:00,01JQ79XPF0N0KBE52WAZ8EFWQ1,2025-03-25T14:45:05.769653-04:00,01JQ79XPFX87YKRPHCRC8PANME,2025-03-25T14:45:05.769653-04:00,01JQ79Y1F0X93MREKSK42WK57A,2025-03-25T14:45:05.769653-04:00,01JQ79Y8NHGWWKZE6D20HD06FB,2025-03-25T14:45:05.769653-04:00
01JQ79YQK9EW8Z6QEQ3BXERYVM,Yes,2025-03-25T14:45:09.984237-04:00,01JQ79XPF0N0KBE52WAZ8EFWQ1,2025-03-25T14:45:05.769865-04:00,01JQ79XPFX87YKRPHCRC8PANME,2025-03-25T14:45:05.769865-04:00,01JQ79Y5Z9AV7N532FHFK18J6P,2025-03-25T14:45:05.769865-04:00,01JQ79Y8NHGWWKZE6D20HD06FB,2025-03-25T14:45:05.769865-04:00
01JQ7A13X76Y509FEMVX4PBFJK,Yes,2025-03-25T14:46:25.745405-04:00,01JQ7A0HGKSWHCF12W9Z0CH5GR,2025-03-25T14:46:23.912013-04:00,01JQ7A0HH9Y8FJE56XT0N6YBKG,2025-03-25T14:46:23.912013-04:00,01JQ7A0X9VWHMG56DZZ6C8G0D3,2025-03-25T14:46:23.912013-04:00,01JQ7A13NKVBD44HBFJ9M67CXD,2025-03-25T14:46:23.912013-04:00
01JQ7A1YY7Z6CPFXQ49XR5Y3K2,Yes,2025-03-25T14:46:53.393249-04:00,01JQ7A0HGKSWHCF12W9Z0CH5GR,2025-03-25T14:46:51.592025-04:00,01JQ7A0HH9Y8FJE56XT0N6YBKG,2025-03-25T14:46:51.592025-04:00,01JQ7A0X9VWHMG56DZZ6C8G0D3,2025-03-25T14:46:51.592025-04:00,01JQ7A13NTETHXTVHDETC0MDAE,2025-03-25T14:46:51.592025-04:00
01JQ7BZEB3KV547JJ3PMQ5GPBF,,,01JQ7BTTHVBN8JNB2D20AFDYKY,2025-03-25T15:20:26.212-04:00,01JQ7BTTJQ4XSVZYVHZS1KYSFX,2025-03-25T15:20:26.212-04:00,01JQ7BVGK7FDRWHRTPF6J6NZNP,2025-03-25T15:20:26.212-04:00,01JQ7BVRRYNY53BSQZKAF2RBJE,2025-03-25T15:20:26.212-04:00
01JQ7CGEFHB23DJ7ZJK354J912,No,2025-03-25T15:29:45.392823-04:00,01JQ7CAP9F5RDSTVZFFXT8M33J,2025-03-25T15:29:43.409536-04:00,01JQ7CAPABJM6AHEKSW4MBVQFS,2025-03-25T15:29:43.409536-04:00,01JQ7CB5KKV66CPJKXCAAKCGMZ,2025-03-25T15:29:43.409536-04:00,01JQ7CBAHMKE462R5PVAM24FY7,2025-03-25T15:29:43.409536-04:00
01JQ7G5K63TE4A5285B13S0HD4,No,2025-03-25T16:33:45.91058-04:00,01JQ7FQ2NW8TBJBD4E8V3J20KM,2025-03-25T16:33:42.083555-04:00,01JQ7FQ2PEP32XPZ2GZT60EAX1,2025-03-25T16:33:42.083555-04:00,01JQ7FTNWNRWVJF0C71QHTPX36,2025-03-25T16:33:42.083555-04:00,01JQ7FVRASJRWE4XZQ5G28BPB6,2025-03-25T16:33:42.083555-04:00
01JQ79Y8TRYC2VRSCDH5MM4W1X,No,2025-03-25T14:44:55.495011-04:00,01JQ79XPF0N0KBE52WAZ8EFWQ1,2025-03-25T14:44:50.648885-04:00,01JQ79XPFX87YKRPHCRC8PANME,2025-03-25T14:44:50.648885-04:00,01JQ79Y5Z9AV7N532FHFK18J6P,2025-03-25T14:44:50.648885-04:00,01JQ79Y8NFMAQ3WSS01AKNRG97,2025-03-25T14:44:50.648885-04:00
01JQ79YK8BACNX33SFB37PZ8YS,Yes,2025-03-25T14:45:03.11334-04:00,01JQ79XPF0N0KBE52WAZ8EFWQ1,2025-03-25T14:45:01.323915-04:00,01JQ79XPFX87YKRPHCRC8PANME,2025-03-25T14:45:01.323915-04:00,01JQ79Y1F0X93MREKSK42WK57A,2025-03-25T14:45:01.323915-04:00,01JQ79Y8NG0TWTP9KYJYMEPVF9,2025-03-25T14:45:01.323915-04:00
01JQ7A18M8EY58Q4QHCNJV0VDK,No,2025-03-25T14:46:32.800768-04:00,01JQ7A0HGKSWHCF12W9Z0CH5GR,2025-03-25T14:46:28.744348-04:00,01JQ7A0HH9Y8FJE56XT0N6YBKG,2025-03-25T14:46:28.744348-04:00,01JQ7A10KWPME05GFBECKEW81E,2025-03-25T14:46:28.744348-04:00,01JQ7A13NKVBD44HBFK297P2TF,2025-03-25T14:46:28.744348-04:00
01JQ7A1NXM17YTRVA6W1MYRQA7,Yes,2025-03-25T14:46:43.877497-04:00,01JQ7A0HGKSWHCF12W9Z0CH5GR,2025-03-25T14:46:42.356463-04:00,01JQ7A0HH9Y8FJE56XT0N6YBKG,2025-03-25T14:46:42.356463-04:00,01JQ7A0X9VWHMG56DZZ6C8G0D3,2025-03-25T14:46:42.356463-04:00,01JQ7A13NNXDDMY0VT01NFZY9J,2025-03-25T14:46:42.356463-04:00
01JQ7A1YY865JA2EWKEN5916Z2,No,2025-03-25T14:46:55.956128-04:00,01JQ7A0HGKSWHCF12W9Z0CH5GR,2025-03-25T14:46:51.592293-04:00,01JQ7A0HH9Y8FJE56XT0N6YBKG,2025-03-25T14:46:51.592293-04:00,01JQ7A10KWPME05GFBECKEW81E,2025-03-25T14:46:51.592293-04:00,01JQ7A13NTETHXTVHDETC0MDAE,2025-03-25T14:46:51.592293-04:00
01JQ7CBAQMXW70D4ZQMYVT502X,,,01JQ7CAP9F5RDSTVZFFXT8M33J,2025-03-25T15:26:55.732126-04:00,01JQ7CAPABJM6AHEKSW4MBVQFS,2025-03-25T15:26:55.732126-04:00,01JQ7CB5KKV66CPJKXCAAKCGMZ,2025-03-25T15:26:55.732126-04:00,01JQ7CBAHEF77CKSAEDXFFAN0D,2025-03-25T15:26:55.732126-04:00
01JQ7CFTDB57Q3TR5STJ9K16EH,No,2025-03-25T15:29:26.829831-04:00,01JQ7CAP9F5RDSTVZFFXT8M33J,2025-03-25T15:29:22.859723-04:00,01JQ7CAPABJM6AHEKSW4MBVQFS,2025-03-25T15:29:22.859723-04:00,01JQ7CB878998XK04ZGARH1FD4,2025-03-25T15:29:22.859723-04:00,01JQ7CBAHHYQ7YM74AZHX4BQCX,2025-03-25T15:29:22.859723-04:00
01JQ7CGEFHB23DJ7ZJKCM5G8MM,No,2025-03-25T15:29:47.529233-04:00,01JQ7CAP9F5RDSTVZFFXT8M33J,2025-03-25T15:29:43.409867-04:00,01JQ7CAPABJM6AHEKSW4MBVQFS,2025-03-25T15:29:43.409867-04:00,01JQ7CB878998XK04ZGARH1FD4,2025-03-25T15:29:43.409867-04:00,01JQ7CBAHMKE462R5PVAM24FY7,2025-03-25T15:29:43.409867-04:00
01JQ7FYMMBC1WY7BDK48B6NDTB,No,2025-03-25T16:30:05.847707-04:00,01JQ7FQ2NW8TBJBD4E8V3J20KM,2025-03-25T16:29:54.187413-04:00,01JQ7FQ2PEP32XPZ2GZT60EAX1,2025-03-25T16:29:54.187413-04:00,01JQ7FTNWNRWVJF0C71QHTPX36,2025-03-25T16:29:54.187413-04:00,01JQ7FVRANRKJDM6DZPTYV11HY,2025-03-25T16:29:54.187413-04:00
01JQ7G4S9973PVXCJJM3941ZNN,No,2025-03-25T16:33:16.433402-04:00,01JQ7FQ2NW8TBJBD4E8V3J20KM,2025-03-25T16:33:15.56203-04:00,01JQ7FQ2PEP32XPZ2GZT60EAX1,2025-03-25T16:33:15.56203-04:00,01JQ7FTHPPEHZ4M8BMHV3Z7F8T,2025-03-25T16:33:15.56203-04:00,01JQ7FVRAPN0ASDDR638P82F2M,2025-03-25T16:33:15.56203-04:00
01JQ7FVRWGMYEKCE3911RHHJ6Y,Yes,2025-03-25T16:29:47.520432-04:00,01JQ7FQ2NW8TBJBD4E8V3J20KM,2025-03-25T16:28:20.240607-04:00,01JQ7FQ2PEP32XPZ2GZT60EAX1,2025-03-25T16:28:20.240607-04:00,01JQ7FTNWNRWVJF0C71QHTPX36,2025-03-25T16:28:20.240607-04:00,01JQ7FVRAK9F5GY86T5TPZ76PA,2025-03-25T16:28:20.240607-04:00
01JQ7G29Z92K3Z4GVZDG3M6FFB,Yes,2025-03-25T16:33:12.153674-04:00,01JQ7FQ2NW8TBJBD4E8V3J20KM,2025-03-25T16:31:54.346108-04:00,01JQ7FQ2PEP32XPZ2GZT60EAX1,2025-03-25T16:31:54.346108-04:00,01JQ7FTNWNRWVJF0C71QHTPX36,2025-03-25T16:31:54.346108-04:00,01JQ7FVRAPN0ASDDR62PYM6C05,2025-03-25T16:31:54.346108-04:00
01JQ7A18M8EY58Q4QHCF4FQZ5K,No,2025-03-25T14:46:30.438349-04:00,01JQ7A0HGKSWHCF12W9Z0CH5GR,2025-03-25T14:46:28.744105-04:00,01JQ7A0HH9Y8FJE56XT0N6YBKG,2025-03-25T14:46:28.744105-04:00,01JQ7A0X9VWHMG56DZZ6C8G0D3,2025-03-25T14:46:28.744105-04:00,01JQ7A13NKVBD44HBFK297P2TF,2025-03-25T14:46:28.744105-04:00
01JQ7A1SW9VCCWR9CTPRATBE6W,No,2025-03-25T14:46:50.900237-04:00,01JQ7A0HGKSWHCF12W9Z0CH5GR,2025-03-25T14:46:46.409532-04:00,01JQ7A0HH9Y8FJE56XT0N6YBKG,2025-03-25T14:46:46.409532-04:00,01JQ7A10KWPME05GFBECKEW81E,2025-03-25T14:46:46.409532-04:00,01JQ7A13NRCK4T4BC263R0H63W,2025-03-25T14:46:46.409532-04:00
01JQ7A2416K8MZC4AM446YTR5J,No,2025-03-25T14:47:00.681178-04:00,01JQ7A0HGKSWHCF12W9Z0CH5GR,2025-03-25T14:46:56.806813-04:00,01JQ7A0HH9Y8FJE56XT0N6YBKG,2025-03-25T14:46:56.806813-04:00,01JQ7A10KWPME05GFBECKEW81E,2025-03-25T14:46:56.806813-04:00,01JQ7A13NSYF2SCJAW3Q83BDGZ,2025-03-25T14:46:56.806813-04:00
01JQ7BZEB3KV547JJ3P45EG0GS,,,01JQ7BTTHVBN8JNB2D20AFDYKY,2025-03-25T15:20:26.211609-04:00,01JQ7BTTJQ4XSVZYVHZS1KYSFX,2025-03-25T15:20:26.211609-04:00,01JQ7BVNYS39EMQNCM5CF4M888,2025-03-25T15:20:26.211609-04:00,01JQ7BVRRYNY53BSQZKAF2RBJE,2025-03-25T15:20:26.211609-04:00
01JQ7FYMMCHF198EAVBD37KMN5,No,2025-03-25T16:30:03.822086-04:00,01JQ7FQ2NW8TBJBD4E8V3J20KM,2025-03-25T16:29:54.188471-04:00,01JQ7FQ2PEP32XPZ2GZT60EAX1,2025-03-25T16:29:54.188471-04:00,01JQ7FTHPPEHZ4M8BMHV3Z7F8T,2025-03-25T16:29:54.188471-04:00,01JQ7FVRANRKJDM6DZPTYV11HY,2025-03-25T16:29:54.188471-04:00
01JQ79YE5FZ9R6CB68G2A1PZN0,No,2025-03-25T14:45:00.709903-04:00,01JQ79XPF0N0KBE52WAZ8EFWQ1,2025-03-25T14:44:56.111062-04:00,01JQ79XPFX87YKRPHCRC8PANME,2025-03-25T14:44:56.111062-04:00,01JQ79Y5Z9AV7N532FHFK18J6P,2025-03-25T14:44:56.111062-04:00,01JQ79Y8NG0TWTP9KYJAY2GZEV,2025-03-25T14:44:56.111062-04:00
01JQ7CFZ0V6SE6WH24N4V8FMWC,No,2025-03-25T15:29:31.921605-04:00,01JQ7CAP9F5RDSTVZFFXT8M33J,2025-03-25T15:29:27.579631-04:00,01JQ7CAPABJM6AHEKSW4MBVQFS,2025-03-25T15:29:27.579631-04:00,01JQ7CB878998XK04ZGARH1FD4,2025-03-25T15:29:27.579631-04:00,01JQ7CBAHFDWMWQF8NPWS8T01H,2025-03-25T15:29:27.579631-04:00
01JQ7CG8P2Y0AMS8K8MKAP1DJV,Yes,2025-03-25T15:29:42.572149-04:00,01JQ7CAP9F5RDSTVZFFXT8M33J,2025-03-25T15:29:37.474959-04:00,01JQ7CAPABJM6AHEKSW4MBVQFS,2025-03-25T15:29:37.474959-04:00,01JQ7CB878998XK04ZGARH1FD4,2025-03-25T15:29:37.474959-04:00,01JQ7CBAHJRC7V7T1XFR0QYDF7,2025-03-25T15:29:37.474959-04:00
01JQ7G5053562NC8KX153MF2FT,No,2025-03-25T16:33:26.193078-04:00,01JQ7FQ2NW8TBJBD4E8V3J20KM,2025-03-25T16:33:22.595892-04:00,01JQ7FQ2PEP32XPZ2GZT60EAX1,2025-03-25T16:33:22.595892-04:00,01JQ7FTNWNRWVJF0C71QHTPX36,2025-03-25T16:33:22.595892-04:00,01JQ7FVRAQBTPVG98JWX0MF2HZ,2025-03-25T16:33:22.595892-04:00
