id,batchID,batchIDLastChangedAt,gameID,gameIDLastChangedAt,playerID,playerIDLastChangedAt
01K2QAX7V12JE60N7DMZ34CVE0,01K2QAWG3MDEZ9NDS9QH0QFJBJ,2025-08-15T13:02:16.417208-04:00,01K2QAWG4R9KZ2ZDRE9JK01K7Z,2025-08-15T13:02:16.417208-04:00,01K2QAX4PMWTNEV2QP8VEHV14X,2025-08-15T13:02:16.417208-04:00
01K2QAYF3KYHBCNEPSA0KMBZ6Y,01K2QAWKF5V6255MQC4V1D9FQT,2025-08-15T13:02:56.627737-04:00,01K2QAWKFQGR9NZ4Q4VW0SB00G,2025-08-15T13:02:56.627737-04:00,01K2QAYBQN7FYJ02WVW1MEXJMN,2025-08-15T13:02:56.627737-04:00
01K2QAZ5SA1BZVN6JJ597DS4ZT,01K2QAWQJD5D6BKAZVS6RTNAR3,2025-08-15T13:03:19.850565-04:00,01K2QAWQJXX669KX4WQBJPYGMV,2025-08-15T13:03:19.850565-04:00,01K2QAZ2R6GHDF7YYEN882YAEP,2025-08-15T13:03:19.850565-04:00
01K2QB2P32231J30Z8TXPNE1HW,01K2QB0RESFNZQAXX6FAGX5BNW,2025-08-15T13:05:14.85048-04:00,01K2QB0RFAJQPEC2FMKQCB556M,2025-08-15T13:05:14.85048-04:00,01K2QB2C64ZZ0GYBNQZNKYR28H,2025-08-15T13:05:14.85048-04:00
01K2QB2P32231J30Z8V78EC8TK,01K2QB0RESFNZQAXX6FAGX5BNW,2025-08-15T13:05:14.850822-04:00,01K2QB0RFAJQPEC2FMKQCB556M,2025-08-15T13:05:14.850822-04:00,01K2QB2JQDPTB6682K7F68RVFY,2025-08-15T13:05:14.850822-04:00
01K2QB4YEGPENR83WYYGC18HT9,01K2QB1FMGQTR04DSF89JKEWNV,2025-08-15T13:06:28.944487-04:00,01K2QB1FN0RTA59BMSCCQHNFDR,2025-08-15T13:06:28.944487-04:00,01K2QB4EGKRY3RHXCPQRVKVMFX,2025-08-15T13:06:28.944487-04:00
01K2QB75V0TGYA0980Y7M3JXRR,01K2QB1V25FDAP7C3B0JZFSW0F,2025-08-15T13:07:42.048101-04:00,01K2QB1V2QW2F16B5TXV6VK2ZT,2025-08-15T13:07:42.048101-04:00,01K2QB6XB93X5AB7RGTB8MZ194,2025-08-15T13:07:42.048101-04:00
01K2QB9FBDCT6MKEEME2TN0MMY,01K2QB22NMJ7AEWF6QNPWHP7FH,2025-08-15T13:08:57.326024-04:00,01K2QB22P295DWW783NCJ18DFY,2025-08-15T13:08:57.326024-04:00,01K2QB8W6C8A8ED39WZ3Y6YTEZ,2025-08-15T13:08:57.326024-04:00
01K2QAZWTJ4HH5SR1CQG734FPK,01K2QAWXBGEB3B9E2DG8G4BRJN,2025-08-15T13:03:43.442195-04:00,01K2QAWXC1FZZAQ9RXE3A2H2A9,2025-08-15T13:03:43.442195-04:00,01K2QAZRM5MFK0PKAZ14240Y0E,2025-08-15T13:03:43.442195-04:00
01K2QB4YEHW1KTH904P795B8QR,01K2QB1FMGQTR04DSF89JKEWNV,2025-08-15T13:06:28.94524-04:00,01K2QB1FN0RTA59BMSCCQHNFDR,2025-08-15T13:06:28.94524-04:00,01K2QB4R38E8DXQ6STTWG9597M,2025-08-15T13:06:28.94524-04:00
01K2QB75V0TGYA0980YGJQNCBC,01K2QB1V25FDAP7C3B0JZFSW0F,2025-08-15T13:07:42.048719-04:00,01K2QB1V2QW2F16B5TXV6VK2ZT,2025-08-15T13:07:42.048719-04:00,01K2QB73AWNNBW7PZ4WEGX2RCW,2025-08-15T13:07:42.048719-04:00
01K2QB9FBE6WW7V1JES5ZP8ZBQ,01K2QB22NMJ7AEWF6QNPWHP7FH,2025-08-15T13:08:57.326799-04:00,01K2QB22P295DWW783NCJ18DFY,2025-08-15T13:08:57.326799-04:00,01K2QB9170309FBFHX59GEF6E5,2025-08-15T13:08:57.326799-04:00
